imagem,carros,outros_veiculos,classe
WhatsApp Image 2026-09-15 at 08.04.23 (2).jpeg,14,0,baixa-ocupacao
WhatsApp Image 2026-09-15 at 08.33.12.jpeg,20,0,baixa-ocupacao
WhatsApp Image 2026-09-15 at 08.28.33.jpeg,26,0,meio-termo
WhatsApp Image 2026-09-15 at 08.06.39.jpeg,27,0,meio-termo
WhatsApp Image 2026-09-15 at 08.27.31.jpeg,28,0,meio-termo
WhatsApp Image 2026-09-15 at 08.28.28.jpeg,28,4,meio-termo
WhatsApp Image 2026-09-09 at 12.34.44 (3).jpeg,30,0,meio-termo
WhatsApp Image 2026-09-15 at 08.28.34 (1).jpeg,30,1,meio-termo
WhatsApp Image 2026-09-15 at 08.25.40.jpeg,31,0,meio-termo
WhatsApp Image 2026-09-15 at 08.27.36.jpeg,31,0,meio-termo
WhatsApp Image 2026-09-15 at 08.25.58.jpeg,32,0,meio-termo
WhatsApp Image 2026-09-15 at 08.27.34.jpeg,32,0,meio-termo
WhatsApp Image 2026-09-15 at 08.28.34 (2).jpeg,32,5,meio-termo
WhatsApp Image 2026-09-15 at 08.28.27 (1).jpeg,39,0,alta-ocupacao
WhatsApp Image 2026-09-15 at 08.28.27.jpeg,39,0,alta-ocupacao
WhatsApp Image 2026-09-15 at 08.04.10.jpeg,42,0,alta-ocupacao
WhatsApp Image 2026-09-07 at 15.13.08.jpeg,44,0,alta-ocupacao
WhatsApp Image 2026-09-15 at 08.27.30.jpeg,44,0,alta-ocupacao
WhatsApp Image 2026-09-07 at 15.13.08 (1).jpeg,49,0,alta-ocupacao
WhatsApp Image 2026-09-15 at 08.04.23.jpeg,49,0,alta-ocupacao
WhatsApp Image 2026-09-15 at 08.25.41.jpeg,49,0,alta-ocupacao
WhatsApp Image 2026-09-15 at 08.28.34.jpeg,49,0,alta-ocupacao
WhatsApp Image 2026-09-15 at 08.25.40 (1).jpeg,50,0,alta-ocupacao
WhatsApp Image 2026-09-07 at 14.21.36.jpeg,51,0,alta-ocupacao
WhatsApp Image 2026-09-15 at 08.04.23 (1).jpeg,51,0,alta-ocupacao
WhatsApp Image 2026-09-15 at 08.04.25.jpeg,52,0,alta-ocupacao
WhatsApp Image 2026-09-07 at 14.17.04 (2).jpeg,55,0,alta-ocupacao
WhatsApp Image 2026-09-09 at 23.46.09.jpeg,63,0,alta-ocupacao
